-- Original promotion system (works for all players)
INSERT INTO	Types
			(Type,								Kind)
VALUES		('PROMOTION_VAMPIRE_ENTHRALL',		'KIND_PROMOTION'),
			('PROMOTION_VAMPIRE_BAT_SWARM',		'KIND_PROMOTION'),
			('PROMOTION_VAMPIRE_DARK_GIFT',		'KIND_PROMOTION'),
			('PROMOTION_VAMPIRE_EMISSARY',		'KIND_PROMOTION'),
			('PROMOTION_VAMPIRE_BLOODLUST',		'KIND_PROMOTION'),
			('PROMOTION_VAMPIRE_MIST_CLOUD',	'KIND_PROMOTION'),
			('PROMOTION_VAMPIRE_IMMORTAL',		'KIND_PROMOTION'),
			('PROMOTION_VAMPIRE_DEATH_TOUCH',	'KIND_PROMOTION'),
			('VAMPIRE_DEATH_TOUCH_COMBAT_BONUS','KIND_MODIFIER'),
			-- New human-only promotions
			('PROMOTION_VAMPIRE_HUMAN_ENHANCED','KIND_PROMOTION'),
			('PROMOTION_VAMPIRE_HUMAN_COMBAT',	'KIND_PROMOTION'),
			('PROMOTION_VAMPIRE_HUMAN_MOVEMENT','KIND_PROMOTION'),
			('VAMPIRE_HUMAN_COMBAT_MODIFIER',	'KIND_MODIFIER'),
			('VAMPIRE_HUMAN_MOVEMENT_MODIFIER',	'KIND_MODIFIER'),
			('VAMPIRE_HUMAN_SIGHT_MODIFIER',	'KIND_MODIFIER');

INSERT INTO	UnitPromotions
			(UnitPromotionType,					Name,				Description,															Level,	Column,	PromotionClass)
VALUES		('PROMOTION_VAMPIRE_ENTHRALL',		'Enthrall',			'Defeated enemy units are converted to Builders.',						'1',	'1',	'PROMOTION_CLASS_VAMPIRE'),
			('PROMOTION_VAMPIRE_BAT_SWARM',		'Bat Swarm',		'LOC_PROMOTION_COMMANDO_DESCRIPTION',									'1',	'3',	'PROMOTION_CLASS_VAMPIRE'),
			('PROMOTION_VAMPIRE_DARK_GIFT',		'Dark Gift',		'LOC_PROMOTION_MONK_EXPLODING_PALMS_DESCRIPTION',						'2',	'1',	'PROMOTION_CLASS_VAMPIRE'),
			('PROMOTION_VAMPIRE_EMISSARY',		'Emissary',			'Even without Open Borders, this unit can enter foreign territory.',	'2',	'3',	'PROMOTION_CLASS_VAMPIRE'),
			('PROMOTION_VAMPIRE_BLOODLUST',		'Bloodlust',		'LOC_PROMOTION_ELITE_GUARD_DESCRIPTION',								'3',	'1',	'PROMOTION_CLASS_VAMPIRE'),
			('PROMOTION_VAMPIRE_MIST_CLOUD',	'Mist Cloud',		'LOC_PROMOTION_MONK_TWILIGHT_VEIL_DESCRIPTION',							'3',	'3',	'PROMOTION_CLASS_VAMPIRE'),
			('PROMOTION_VAMPIRE_IMMORTAL',		'Immortal Blood',	'LOC_ABILITY_MAMLUK_DESCRIPTION',										'4',	'1',	'PROMOTION_CLASS_VAMPIRE'),
			('PROMOTION_VAMPIRE_DEATH_TOUCH',	'Death Touch',		'+100 [ICON_Strength] Combat Strength. The ultimate vampire power.',	'4',	'2',	'PROMOTION_CLASS_VAMPIRE'),
			-- Hidden human-only promotions
			('PROMOTION_VAMPIRE_HUMAN_ENHANCED','Vampire Lord',		'Enhanced vampire abilities for human masters.',						'-1',	'-1',	'PROMOTION_CLASS_VAMPIRE'),
			('PROMOTION_VAMPIRE_HUMAN_COMBAT',	'Ancient Power',	'+25 [ICON_Strength] Combat Strength from ancient vampire blood.',		'-1',	'-1',	'PROMOTION_CLASS_VAMPIRE'),
			('PROMOTION_VAMPIRE_HUMAN_MOVEMENT','Supernatural Speed','+6 [ICON_Movement] Movement and +4 Sight Range.',						'-1',	'-1',	'PROMOTION_CLASS_VAMPIRE');

-- Custom modifiers using correct Civ 6 modifier types
INSERT INTO	Modifiers
			(ModifierId,							ModifierType)
VALUES		('VAMPIRE_DEATH_TOUCH_COMBAT_BONUS',	'MODIFIER_UNIT_ADJUST_COMBAT_STRENGTH'),
			('VAMPIRE_HUMAN_COMBAT_MODIFIER',		'MODIFIER_UNIT_ADJUST_COMBAT_STRENGTH'),
			('VAMPIRE_HUMAN_MOVEMENT_MODIFIER',		'MODIFIER_PLAYER_UNIT_ADJUST_MOVEMENT'),
			('VAMPIRE_HUMAN_SIGHT_MODIFIER',		'MODIFIER_PLAYER_UNIT_ADJUST_SIGHT');

INSERT INTO	ModifierArguments
			(ModifierId,							Name,		Value)
VALUES		('VAMPIRE_DEATH_TOUCH_COMBAT_BONUS',	'Amount',	'100'),
			('VAMPIRE_HUMAN_COMBAT_MODIFIER',		'Amount',	'25'),
			('VAMPIRE_HUMAN_MOVEMENT_MODIFIER',		'Amount',	'6'),
			('VAMPIRE_HUMAN_SIGHT_MODIFIER',		'Amount',	'4');
			
INSERT INTO	UnitPromotionPrereqs
			(UnitPromotion,						PrereqUnitPromotion)
VALUES		('PROMOTION_VAMPIRE_DARK_GIFT',		'PROMOTION_VAMPIRE_ENTHRALL'),
			('PROMOTION_VAMPIRE_DARK_GIFT',		'PROMOTION_VAMPIRE_BAT_SWARM'),
			('PROMOTION_VAMPIRE_EMISSARY',		'PROMOTION_VAMPIRE_ENTHRALL'),
			('PROMOTION_VAMPIRE_EMISSARY',		'PROMOTION_VAMPIRE_BAT_SWARM'),
			('PROMOTION_VAMPIRE_BLOODLUST',		'PROMOTION_VAMPIRE_DARK_GIFT'),
			('PROMOTION_VAMPIRE_MIST_CLOUD',	'PROMOTION_VAMPIRE_EMISSARY'),
			('PROMOTION_VAMPIRE_DEATH_TOUCH',	'PROMOTION_VAMPIRE_BLOODLUST'),
			('PROMOTION_VAMPIRE_DEATH_TOUCH',	'PROMOTION_VAMPIRE_MIST_CLOUD');
			
INSERT INTO	UnitPromotionModifiers
			(UnitPromotionType,					ModifierId)
VALUES		('PROMOTION_VAMPIRE_ENTHRALL',		'CAPTURE_COMBAT_UNITS_AS_WORKERS'),
			('PROMOTION_VAMPIRE_BAT_SWARM',		'COMMANDO_BONUS_IGNORE_CLIFF_WALLS'),  
			('PROMOTION_VAMPIRE_BAT_SWARM',		'COMMANDO_BONUS_MOVEMENT'),
			('PROMOTION_VAMPIRE_DARK_GIFT',		'EXPLODING_PALMS_INCREASED_COMBAT_STRENGTH'),
			('PROMOTION_VAMPIRE_EMISSARY',		'MOD_ENTER_FOREIGN_LANDS'),
			('PROMOTION_VAMPIRE_BLOODLUST',		'SWEEPING_WIND_ADDITIONAL_ATTACK'),
			('PROMOTION_VAMPIRE_BLOODLUST',		'MOD_MOVE_AFTER_ATTACKING'),
			('PROMOTION_VAMPIRE_MIST_CLOUD',	'CAMOUFLAGE_STEALTH'),  
			('PROMOTION_VAMPIRE_IMMORTAL',		'MAMLUK_HEAL_EVERY_MOVE'),
			('PROMOTION_VAMPIRE_DEATH_TOUCH',	'VAMPIRE_DEATH_TOUCH_COMBAT_BONUS'),
			-- Link human-only promotion modifiers
			('PROMOTION_VAMPIRE_HUMAN_COMBAT',	'VAMPIRE_HUMAN_COMBAT_MODIFIER'),
			('PROMOTION_VAMPIRE_HUMAN_MOVEMENT','VAMPIRE_HUMAN_MOVEMENT_MODIFIER'),
			('PROMOTION_VAMPIRE_HUMAN_MOVEMENT','VAMPIRE_HUMAN_SIGHT_MODIFIER');